user,coaches
Kingsley Kobo,Erol Bulut
Kingsley Kobo,George ?an?mare
Linus Braun,Julio Marcelo Fleitas Silveira
Linus Braun,Diego Omar Dabove
Donat Roduner,Tommy Barrett
Donat Roduner,Roberto Mancini
Donat Roduner,Nelson Alexandre da Silva Veríssimo
Donat Roduner,Wayne Mark Rooney
Donat Roduner,Nigel Clough
Aleksei Blokhin,Henrik Rydström
Aleksei Blokhin,Patrick Glöckner
Aleksei Blokhin,Anthony Hayes
Aleksei Blokhin,Peter Zeidler
Aleksei Blokhin,José María Bianco
Sahil Jaidka,Sébastien Dubroca
Sahil Jaidka,Andy Dawson
Sahil Jaidka,Robin Dutt
Sam France,Rikizo Matsuhashi
Sam France,Carlos González Peña
Joost Berger,Gaute Ugelstad Helstrup
Joost Berger,Oleg Kononov
Phil Kitromilides,Sergio Gómez
Phil Kitromilides,Paul Ince
Phil Kitromilides,Takahiro Shimotaira
Phil Kitromilides,Humberto Antonio García Ramírez
Ben Jermy,Rıza Çalımbay
Ben Jermy,Carlos Julio Bustos
Ben Jermy,Rubén Sellés Salvador
Michael Prasthofer,Antonio Gómez-Carreño Escalona
Michael Prasthofer,Cristóbal Parralo Aguilera
Michael Prasthofer,Jaime de la Pava Márquez
Augusto Rammauro,Declan Devine
Augusto Rammauro,Ian McCall
Augusto Rammauro,Urs Fischer
Augusto Rammauro,Gary Cronin
Augusto Rammauro,Alberto Colombo
Robin Bairner,Kjetil André Rekdal
Robin Bairner,Sandro Wagner
Renuka Odedra,Marco Rose
Renuka Odedra,Jaime Arturo Lozano Espin
Renuka Odedra,Wouter Vrancken
Andrew Beasley,Alex Neil
Andrew Beasley,Kang-Hee Choi
Andrew Beasley,Mattia Croci-Torti
Andrew Beasley,Arthur Thomas Papastamatis
Andrew Beasley,Toni Korkeakunnas
Philipp Ertl,Derrick Pereira
Philipp Ertl,Julien Stéphan
Philipp Ertl,Wilfried Nancy
Emma Smith,Sergio González Soriano
Emma Smith,Steve Cooper
Emma Smith,Junzhe Zhao
Emma Smith,Jordi Vinyals Martori
James Westwood,Claudinei dos Santos Oliveira
James Westwood,Kjetil André Rekdal
James Westwood,Gheorghe Hagi
James Westwood,Steve Cotterill
James Westwood,Eirik Horneland
Wesley Mak,Peter Bosz
Wesley Mak,Paul Heckingbottom
Wesley Mak,Matías Jesús Almeyda
Wesley Mak,Markus Weinzierl
Wesley Mak,Alessio Lisci
Ryan Tolmich,Laurent Batlles
Ryan Tolmich,Jens Tiemann-Gorny
Ryan Tolmich,Troadio Daniel Duarte
Neil Jones,Kim Bergstrand
Neil Jones,Fabio Pecchia
Neil Jones,Dick Schreuder
Neil Jones,Rüdiger Ziehl
Tom Mallows,Marco Rossi
Tom Mallows,Bruno Miguel Silva do Nascimento
Tom Mallows,Jingui Wu
Tom Hooper,Armando Evangelista Macedo Freitas
Tom Hooper,Gilmar Dal Pozzo
Tom Hooper,Ivan Gennaro Gattuso
Tom Hooper,José Ignacio Pallas Martínez
Tom Hooper,Luís Carlos Batalha Freire
Hidde Spaan,Zoran Barišić
Hidde Spaan,Marcelo Daniel Gallardo
Hidde Spaan,Jorge José de Amorim Campos
Hidde Spaan,Fabio Grosso
Hidde Spaan,Arthur Thomas Papastamatis
Josh Hobbs,Fernando Maximiliano Díaz Seguel
Josh Hobbs,Luís Miguel Floro Valença
Josh Hobbs,Adolf Hütter
جول,Aimo Diana
جول,Óscar García Junyent
Dan Marques,Sergio Zarco Diaz
Dan Marques,Naoki Soma
Dan Marques,Henrik Jensen
Dan Marques,Ben Garner
Goal Spain,Jorge Rodrigo Bava
Goal Spain,Juan Domingo Tolisano
Peter Hanson,David Horseman
Peter Hanson,Mário Fernando Magalhães da Silva
Nicholas McGee,Vítor Fernando de Carvalho Campelos
Nicholas McGee,Philippe Hinschberger
More to follow...,Toni Korkeakunnas
More to follow...,Mihailo Petrović
More to follow...,Sergi Barjuán i Esclusa
More to follow...,Aleksandr Storozhuk
Jonny Cooper,Germán Crespo Sánchez
Jonny Cooper,Kang-Hee Choi
Jonny Cooper,Rıza Çalımbay
Jonny Cooper,Tony Docherty
Liam Wraith,Jack Savage
Liam Wraith,Sérgio Paulo Marceneiro Conceição
Liam Wraith,Robert Dante Siboldi Badiola
Oliver Lines,Alexandre Dujeux
Oliver Lines,Juan Carlos Carcedo Mardones
Thiago Fernandes,Leonardo Colucci
Thiago Fernandes,Ertuğrul Seçme
Thiago Fernandes,Torsten Lieberknecht
Thiago Fernandes,Naoki Soma
Thiago Fernandes,Attilio Tesser
Angelica Daujotas,Hiroshi Matsuda
Angelica Daujotas,Renato Manuel Alves Paiva
Angelica Daujotas,Christian Heinle
Tom Middler,Kevin Muscat
Tom Middler,Maciej Stolarczyk
Charlotte Marsh,Juan Máximo Reynoso Guzmán
Charlotte Marsh,Lars Roar Bohinen
Goal Argentina,César Alejandro Farías Acosta
Goal Argentina,Roberto Taurino
Goal Argentina,Mark Bonner
Ronan Murphy,Jacob Neestrup Hansen
Ronan Murphy,Daniel Farke
Ronan Murphy,Giovanni Stroppa
Augusto Oazi,Şenol Can
Augusto Oazi,Andrés Luciano Lillini
Alison Conroy,Régis Brouard
Alison Conroy,Franco Lerda
Alison Conroy,Thomas Letsch
Alison Conroy,Daniel Oldrá
Dev Trehan,Andrey Talalaev
Dev Trehan,Patrick Glöckner
Ruben Uria,M'Baye Leye
Ruben Uria,Santiago Escobar Saldarriaga
Stephen Darwin,Mladen Krstajić
Stephen Darwin,Eduardo Docampo
Peter McVitie,Graham Coughlan
Peter McVitie,Liam Manning
Peter McVitie,Fabio Grosso
Peter McVitie,Kjetil André Rekdal
Gursher Chabba,Frank Schmidt
Gursher Chabba,Fernando Maximiliano Díaz Seguel
Gursher Chabba,Ruslan Rotan
Gursher Chabba,Aurelian Cosmin Olăroiu
Gursher Chabba,Albert Cartier
Harvey Downes,José Ángel Ziganda Lacunza
Harvey Downes,Andreas Tegström
Harvey Downes,Francisco Esteban Arrué Pardo
Harvey Downes,Julien Stéphan
Harvey Downes,Sebastián Beccacece
Jamie Carragher,Jorge Daniel Fossati Lurachi
Jamie Carragher,Xabier Alonso Olano
Jamie Carragher,Martí Cifuentes Corvillo
Jamie Carragher,Freyr Alexandersson
Stanislav Schupp,Víctor Sánchez del Amo
Stanislav Schupp,Liam Manning
Stanislav Schupp,Ramón Ángel Díaz
Stanislav Schupp,Robert Page
Stanislav Schupp,Lionel Sebastián Scaloni
Charlotte Duncker,Steve Komphela
Charlotte Duncker,Hervé Renard
Charlotte Duncker,Luis Marín Camacho
Charlotte Duncker,Alberto Gilardino
Charlotte Duncker,Daniel Thioune
Euan Reedie,Mark Kennedy
Euan Reedie,Alessandro Mangiarratti
Brady Olson,Carlos Alberto Tevez
Brady Olson,Hans-Jürgen Boysen
Brady Olson,Igor Osinkin
Gill Clark,Xabier Alonso Olano
Gill Clark,Omar Daf
Jochen Tittmar,Mifflin Bermúdez Tucto
Jochen Tittmar,André Soares Jardine
Jochen Tittmar,Michele Mignani
Ameé Ruszkai,Johnnie Jackson
Ameé Ruszkai,Jorge Guillermo Almada Álves
Florian Regelmann,Robert Stanton
Florian Regelmann,Luís Carlos Batalha Freire
Florian Regelmann,Steffen Baumgart
Florian Regelmann,Dan Vasile Petrescu
Oliver Yew,Olof Mellberg
Oliver Yew,Muzaffer Bilazer
Oliver Yew,Ivan Vukomanovic
Oliver Yew,Ernesto Valverde Tejedor
Oliver Yew,Roberto D'Aversa
GOAL,Nenad Bjelica
GOAL,Michael Appleton
GOAL,Fabio Cannavaro
GOAL,Ian Dawes
GOAL,Darren Shaun Bazeley
Zinny Boswell,Pablo Peirano Pardeiro
Zinny Boswell,Xavier Hernández Creus
Zinny Boswell,Danny Buijs
Zinny Boswell,Gustavo Álvarez
Francisco RicoRubén Uría,Magnus Haglund
Francisco RicoRubén Uría,Pierre Aristouy
Francisco RicoRubén Uría,Fabrizio Castori
Francisco RicoRubén Uría,Rıza Çalımbay
Marc Mechenoua,Håkon Wibe-Lund
Marc Mechenoua,Jon Brady
Marc Mechenoua,Jonas De Roeck
Marc Mechenoua,Sergej Jakirović
Ali Tweedale,George ?an?mare
Ali Tweedale,David Moyes
Ed Mackey,Olivier Echouafni
Ed Mackey,Leonardo Colucci
Michael Reid,Byung-Geun Lee
Michael Reid,Anders Torstensson
Michael Reid,Giovanni Savarese
Leon Karasch,Ki-Hyeon Seol
Leon Karasch,Nicolas Usaï
Leon Karasch,Francisco Javier Muñoz Llompart
Emin Kaynar,Johnny Jansen
Emin Kaynar,Fabrizio Castori
Emin Kaynar,Graham Alexander
Emin Kaynar,Michél Kniat
Rik Sharma,Luis Alfonso Sosa Cisneros
Rik Sharma,Ralf Rangnick
Stephen Crawford,Fabián Daniel Bustos
Stephen Crawford,José Garijo Nicolás
Stephen Crawford,Bjarte Lunde Aarsheim
Stephen Darwin & Marwan Harraz,Mark Bonner
Stephen Darwin & Marwan Harraz,Kevin Andrew Nicol
James Robson,Johan Javier Fano Espinoza
James Robson,Ertuğrul Seçme
Adam Barnish,José Mel Pérez
Adam Barnish,Derrick Pereira
Adam Barnish,Guillermo Sandro Salas Suarez
Adam Barnish,Paulo César Pezzolano Suárez
Peter McKeever,Torsten Lieberknecht
Peter McKeever,Graham Alexander
Peter McKeever,Juan Carlos Alayo
Nick Hartland,Hélio César Pinto dos Anjos
Nick Hartland,Mauricio Soria Portillo
Nick Hartland,Marco Balbul
Nick Hartland,Didier Santini
Nick Hartland,Pat Noonan
Austin  Ditlhobolo,Bairm Mukhtari
Austin  Ditlhobolo,Olivier Pantaloni
Nick Wright,Fabio Caserta
Nick Wright,Kenta Kawai
Nick Wright,Alessandro Agostini
Jesse Parker Humphreys,Raul Erasto Jacobo Gutierrez
Jesse Parker Humphreys,Toni Koskela
Jesse Parker Humphreys,Lucas Alfredo Bovaglio
Jesse Parker Humphreys,José Mel Pérez
Jesse Parker Humphreys,Javier Baraja Vegas
Spanish Data Insights Team,Markus Schopp
Spanish Data Insights Team,Jacek Zielinski
Spanish Data Insights Team,Kevin Doherty
Jessa Braun,Cătălin Cristian Anghel
Jessa Braun,Jung-Hyo Lee
Jessa Braun,David Horseman
Jessa Braun,Eduardo Rodrigo Domínguez
Jessa Braun,Aleksandar Vukovic
Nino Duit,Joseph Miles
Nino Duit,Álvaro Adriano Teixeira Pacheco
Nino Duit,Adenor Leonardo Bacchi
Nino Duit,Patrick van Leeuwen
Nino Duit,Kevin Doherty
Matt Furniss,Sreto Ristic
Matt Furniss,Galileo Percovich
Matt Furniss,Sergiy Rebrov
Matt Furniss,Sandro Wagner
Cem Ak,Carlos Alberto Tevez
Cem Ak,Wayne Mark Rooney
Cem Ak,Matías Jesús Almeyda
Cem Ak,William Viali
Cem Ak,Gennaro Volpe
Prince Narkortu Teye,José Alí Cañas Navas
Prince Narkortu Teye,Recep Uçar
Kyle Goldsmith,Adrian Mutu
Kyle Goldsmith,Lucien Favre
Tauan Ambrósio,Andrey Talalaev
Tauan Ambrósio,Stephen Robinson
Tauan Ambrósio,Alberto Illanes
Tauan Ambrósio,Radoslav Látal
Dutch Data Insights Team,Jaroslav Šilhavý
Dutch Data Insights Team,Diego Martínez Penas
Kingsley_,António José Marreco Gouveia
Kingsley_,Steffen Baumgart
Kingsley_,Tobias Cramer
Kingsley_,Liviu Ciobotariu
Kingsley_,Joakim Persson
Jon Fisher,Fernando Manuel de Jesus Santos
Jon Fisher,Olivier Guégan
Jon Fisher,Thomas Frank
Jon Fisher,Jacques Abardonado
Jon Fisher,Fernando Diniz Silva
Tim Lutz,Glen Riddersholm
Tim Lutz,Paulo César Turra
Nick Khairi,Nelson Alfonso Flórez Jiménez
Nick Khairi,Jon Dahl Tomasson
Nick Khairi,Enrique Sánchez Flores
Nick Khairi,Luis Francisco Zubeldía
Maram AlBaharna,Francisco Javier Muñoz Llompart
Maram AlBaharna,Norredine El Ouardini
Maram AlBaharna,David Fernando Montoya
Lewis Ambrose,Rob Edwards
Lewis Ambrose,Eddie Howe
Lewis Ambrose,Maximiliano Rama
Kevin Chroust,Conor Nestor
Kevin Chroust,Alexander Blessin
Kevin Chroust,Juan Ferrando Fenol
Dom Farrell,Patrice Carteron
Dom Farrell,Gerardo Daniel Martino
Dom Farrell,Malky Mackay
Dom Farrell,Kevin Maher
Emre Sarıkuş,Thomas Schnöll
Emre Sarıkuş,Bernd Hollerbach
Rob Dorsett,Iván Gabriel Heinze
Rob Dorsett,Rüdiger Ziehl
Rob Dorsett,Semih Keskin
Rob Dorsett,Jack Ross
Ante Jukic,Colin Healy
Ante Jukic,Attilio Tesser
Ante Jukic,Michael Beale
Ante Jukic,Erik ten Hag
Ante Jukic,Adolf Hütter
Michael Madyira,Scott Lindsey
Michael Madyira,Sean Dyche
Michael Madyira,Steve Cotterill
Michael Madyira,Marc Brys
Elyes Khouaja,Christer Mattiasson
Elyes Khouaja,Ivo Ricardo Abreu Vieira
Elyes Khouaja,Jerzy Brzęczek
Joe Gallagher,Patrick Rojas
Joe Gallagher,William Still
Joe Gallagher,Damien Duff
 Alvino Hanafi,Viktor Goncharenko
 Alvino Hanafi,Felice Mazzù
 Alvino Hanafi,Bjarne Berntsen
 Alvino Hanafi,Russell Martin
Georgy Tzepkovsky,Julio Velázquez Santiago
Georgy Tzepkovsky,Henrik Pedersen
Anselm Noronha,Alberto Aquilani
Anselm Noronha,Rigobert Song Bahanag
Anselm Noronha,Brian Priske Pedersen
Prince  Narkortu Teye,Steve Evans
Prince  Narkortu Teye,Callum Davidson
Prince  Narkortu Teye,Martín Alejandro Cardetti
Prince  Narkortu Teye,Michael Köllner
Anthony McLennan,Hiroki Shibuya
Anthony McLennan,George ?an?mare
Anthony McLennan,Hans Erik Ødegaard
Giacomo Zanetello,Miroslav Klose
Giacomo Zanetello,Matjaž Kek
Giacomo Zanetello,Carlos Luis Ischia
Giacomo Zanetello,Ismael Rescalvo Sánchez
Jack Supple,Henrik Pedersen
Jack Supple,Igor Tudor
Jack Supple,Oleg Kononov
Jack Supple,Mihai Doru Pintilii
Alessandro De Felice,Dirk Kuijt
Alessandro De Felice,António José Marreco Gouveia
Alessandro De Felice,Pablo Andrés Sánchez
Joris van den Ban,Kjetil André Rekdal
Joris van den Ban,André Soares Jardine
Joris van den Ban,David Colpaert
Joris van den Ban,Åge Fridtjof Hareide
Justin Kraft,Antônio Carlos Zago
Justin Kraft,Mathieu Chabert
Justin Kraft,Andreas Georgson
Shina Oludare - @sportingshina,Aleksandar Vukovic
Shina Oludare - @sportingshina,William Billy Dodds
Shina Oludare - @sportingshina,Luke Williams
Shina Oludare - @sportingshina,Juan Pablo Vojvoda
Shina Oludare - @sportingshina,Ronald Koeman
Ruben Uria & Adria Soldevila,Pablo Daniel de Muner
Ruben Uria & Adria Soldevila,Marinus Dijkhuizen
Ruben Uria & Adria Soldevila,Hans-Dieter Flick
eugene_vasilev,Matheus Joseph
eugene_vasilev,Cristian Alberto González Peret
eugene_vasilev,Brian Priske Pedersen
eugene_vasilev,Anthony Braizat
eugene_vasilev,Dilceu Junior Rocha
Images via Getty Images,Sébastien Dubroca
Images via Getty Images,Zlatko Dalić
Images via Getty Images,Hervé Renard
Images via Getty Images,Xabier Alonso Olano
Images via Getty Images,Carlos Manuel Brito Leal Queiróz
David Prutton,Christian Ilzer
David Prutton,Laurențiu Aurelian Reghecampf
Solace Chukwu,Tony Popović
Solace Chukwu,Roel Coumans
Solace Chukwu,Johannes Hoff Thorup
Sam McGuire,Sokratis Ofridopoulos
Sam McGuire,Glen Riddersholm
Sam McGuire,Callum Davidson
Sam McGuire,Markus Weinzierl
Sam McGuire,Igor Tudor
Rhys Thomas,Pascal Jansen
Rhys Thomas,Diego Martín Alonso López
Rhys Thomas,Gary McSheffrey
Rhys Thomas,Ryan Mason
Rhys Thomas,Toru Oniki
Ulli Ludwig,Mario Alfredo Salas Saieg
Ulli Ludwig,Olivier Guégan
Ulli Ludwig,Marcio Miranda Freitas Rocha da Silva
Toby Prince,Gerardo Daniel Martino
Toby Prince,Janusz Niedźwiedź
Alex,Marius Marian Croitoru
Alex,José Albano Ferreira da Mota
Sounak Mukhopadhyay,Andrey Talalaev
Sounak Mukhopadhyay,Néstor Raúl Gorosito
Sounak Mukhopadhyay,Noel Sanvicente Bethelmy
Sounak Mukhopadhyay,Serkan Özbalta
Jack Stanley,Pool Geovanny Gavilánez Solís
Jack Stanley,João Miguel da Cunha Teixeira
Jack Stanley,Mark van Bommel
Jack Stanley,Kenta Hasegawa
Ritabrata Banerjee,Malky Mackay
Ritabrata Banerjee,Carlos Alberto Silva Socarrás
The Analyst,Johan Javier Fano Espinoza
The Analyst,Uwe Rösler
The Analyst,Darren Kelly
Charles Watts,Vincent Hognon
Charles Watts,Thomas Thomasberg
Charles Watts,Paolo Bianco
Charles Watts,Ruben Torrecilla Gonzalez
Charles Watts,Steven Hammell
Sohail Shamsudeen,Paulo Lourenço Martins Alves
Sohail Shamsudeen,Marc Brys
Sohail Shamsudeen,Freyr Alexandersson
Sohail Shamsudeen,Murat Yakin
Sohail Shamsudeen,Akio Kogiku
Albert Valor,Xiaorui Zhang
Albert Valor,Felix Sanchez Bas
Albert Valor,Régis Le Bris
Albert Valor,Rogério Mücke Ceni
French Data Insights Team,Nasır Belci
French Data Insights Team,Mark Hughes
French Data Insights Team,Artur Jorge Torres Gomes Araújo Amorim
Manolo Nieto,Gustavo Álvarez
Manolo Nieto,Régis Brouard
Manolo Nieto,Julian Wartig
Manolo Nieto,Torsten Ziegner
Simeon Gholam,Paulo César Pezzolano Suárez
Simeon Gholam,Adnan Čustović
Michael Harringer,Tahsin Tam
Michael Harringer,Tae-Wan Kim
Michael Harringer,Roberto De Zerbi
Michael Harringer,Kim Hellberg
Uttiyo Scarnage,Svetozar Šapurić
Uttiyo Scarnage,Neil Wood
More to follow.,Diego Vicente Aguirre Camblor
More to follow.,Patrick Vieira
Tauan Ambrosio & Thiago Fernandes,Çagdas Atan
Tauan Ambrosio & Thiago Fernandes,László Bölöni
Tauan Ambrosio & Thiago Fernandes,Dawid Szwarga
Carlo,Sergei Semak
Carlo,Sérgio Paulo Marceneiro Conceição
Carlo,Karl Robinson
Carlo,Johnny Jansen
Kosta König,Rıza Çalımbay
Kosta König,Paulo César da Silva Peixoto
Kosta König,Andy Dawson
Fernando Franco Puga,Hiroki Shibuya
Fernando Franco Puga,Régis Le Bris
Fernando Franco Puga,Juan Alejandro Acejo Rodriguez
Fernando Franco Puga,M'Baye Leye
Fernando Franco Puga,Arturo Ernesto Reyes Montero
Harry Carr,Matthew Sadler
Harry Carr,Ivan Jovanović
Harry Carr,José Jeunechamps
Harry Carr,Steve Corica
Richard Morgan,Jon Brady
Richard Morgan,Guillermo Barros Schelotto
Richard Morgan,Laurent Batlles
Richard Morgan,Lars Roar Bohinen
Richard Morgan,Anthony Hayes
Gabriele Conflitti,Stéphane Masala
Gabriele Conflitti,Eirik Bakke
Gabriele Conflitti,Sang-Sik Kim
Gabriele Conflitti,Tiago Retzalff Nunes
Gabriele Conflitti,Daniel António Lopes Ramos
Marc Mechenoua & Jorge Picon,Juan Carlos Osorio Arbeláez
Marc Mechenoua & Jorge Picon,Joseph Miles
Marc Mechenoua & Jorge Picon,Francisco Javier Arce Rolón
Marc Mechenoua & Jorge Picon,Adenor Leonardo Bacchi
Marc Mechenoua & Jorge Picon,Juan Carlos Alayo
Tom Mortimer,Bruno Grougi
Tom Mortimer,Svein Maalen
Tom Mortimer,Gustavo Adolfo Costas Makeira
Samet Cayir,Nick Cushing
Samet Cayir,Steven Schumacher
Samet Cayir,Cihat Arslan
Raisa Simplicio,Philippe Hinschberger
Raisa Simplicio,Stefan Leitl
Raisa Simplicio,Álvaro Adriano Teixeira Pacheco
Taiye Taiwo,Joey Barton
Taiye Taiwo,Luca D'Angelo
Taiye Taiwo,Ivan Djurdjevic
Taiye Taiwo,Shaun Maloney
Taiye Taiwo,Magnus Powell
Jamie Kemp,Ufuk Talay
Jamie Kemp,Alexandre Dujeux
Tom Victor,Eder Sarabia Armesto
Tom Victor,Cristian Ramon Fiél Casanova
Tom Victor,Nigel Clough
Tom Victor,Önder Karaveli
Ashwin Raman,Sergei Semak
Ashwin Raman,Arnar Viðarsson
Ashwin Raman,Ramón Ángel Díaz
Ashwin Raman,Pablo Peirano Pardeiro
Matt O'Connor-Simpson,Rubén Darío Insúa
Matt O'Connor-Simpson,Sandro Schwarz
Matt O'Connor-Simpson,Olaf Janßen
Bence Bocsák,Ivan Javorcic
Bence Bocsák,Carlos Horacio Compagnucci
Bence Bocsák,Mark van Bommel
Bence Bocsák,Ante Čačić
Bence Bocsák,Gabriel Francisco García de la Torre
Nils Mackay,Aurelio Andreazzoli
Nils Mackay,John Coleman
Nils Mackay,Rustem Khuzin
Nils Mackay,Domenico Di Carlo
Louise Bawden,Luis García Fernández
Louise Bawden,Andreas Tegström
Louise Bawden,Ryan Lowe
Gary Al-Smith,Peter Zeidler
Gary Al-Smith,Scott Lindsey
Gary Al-Smith,Abel Gómez Moreno
Gary Al-Smith,Fernando Estévez Martín
Gary Al-Smith,Mikel Arteta Amatriain
Cady Siregar,Sergio González Soriano
Cady Siregar,Aleksandar Vukovic
.,Jim Goodwin
.,José Flavio Torres Díaz
.,Thiago Motta
.,Frank Kramer
.,Marcos Ignacio Ambriz Espinoza
Anton Toloui,Vincenzo Italiano
Anton Toloui,Francisco Javier Fernández Díaz
Anton Toloui,Danny Hay
Anton Toloui,Jorge Francisco Almirón Quintana
Anton Toloui,Marinus Dijkhuizen
Jonny Whitmore,Adem Caglayan
Jonny Whitmore,Cristiano Marques Gomes
Author not found,Henry Antonio Meléndez Sanchez
Author not found,Gérald Baticle
Author not found,Frank Klopas
Author not found,Miguel Andrés Ponce Torres
Graham Bell,Domenico Di Carlo
Graham Bell,Gérald Baticle
Graham Bell,Hiroshi Matsuda
Graham Bell,Sergio Gómez
Gabriel Beck,Ik-Soo Ahn
Gabriel Beck,Kent Nielsen
Gabriel Beck,Jim Goodwin
Gabriel Beck,Weijian Yang
Andy Cooper,Pablo Horacio Guiñazú
Andy Cooper,Domenico Di Carlo
Ron Walker,Luiz Carlos Cirne Lima de Lorenzi
Ron Walker,Diego Omar Dabove
Ron Walker,Bo Svensson
Ron Walker,Pierre Aristouy
Ron Walker,Neil Wood
Devesh Kumar,Darren Moore
Devesh Kumar,Semih Keskin
Devesh Kumar,Henrik Jensen
Brian McDonnell,Ömer Erdogan
Brian McDonnell,Óscar Alexander Pareja Gómez
Brian McDonnell,Nathan Jones
Brian McDonnell,Pál Dárdai
Brian McDonnell,Christoffer Andersson
Gary Mabbutt,José Jeunechamps
Gary Mabbutt,Gerardo Daniel Martino
Gary Mabbutt,Ruslan Rotan
Patric Ridge,Owen Coyle
Patric Ridge,Leonel Gerardo Vielma Peña
Patric Ridge,Sergej Jakirović
Patric Ridge,Orlando Ribeiro de Oliveira
Simon Jouny,Nicolas Usaï
Simon Jouny,Thomas Wörle
Simon Jouny,Rado Vidošić
Simon Jouny,Carlos Julio Bustos
Seye Omidiora,Alberto Aquilani
Seye Omidiora,Hugo Benjamin Ibarra
Seye Omidiora,Hubert Antonio Bodhert Barrios
Matías Conde,Julian Wartig
Matías Conde,Manuel Alfredo Moquera Bastida
Opta Analyst,Mark Robins
Opta Analyst,Trevor Croly
Michael Yokhin,Jan Stahre
Michael Yokhin,Roger Schmidt
Luke Bissett,Ruslan Rotan
Luke Bissett,Manuel Eduardo Berizzo
Adam Bate,Leandro Daniel Somoza
Adam Bate,Patrick Rahmen
Michael Ellis,Eddie Howe
Michael Ellis,Viktor Goncharenko
Goal,Johnny Jansen
Goal,Laurent Peyrelade
Goal,Dick Lukkien
UK Data Insights Team,Min-Sung Lee
UK Data Insights Team,Hiroki Shibuya
UK Data Insights Team,Hakan Keleş
Redazione Goal Italia,Lucas Andres Nardi
Redazione Goal Italia,Caleb Porter
Redazione Goal Italia,Andrea Mandorlini
Lucca Di Francesco,Troadio Daniel Duarte
Lucca Di Francesco,Peter Pacult
Sacha Pisani,Gerhard Struber
Sacha Pisani,Dan Alexa
Sacha Pisani,Karel Geraerts
Sacha Pisani,Moreno Longo
Jon Manuel,Martín Gastón Demichelis
Jon Manuel,Alexander Ende
Jon Manuel,Niko Kovač
Sean Cole,Luis Marín Camacho
Sean Cole,Ruaidhri Higgins
Sean Cole,Fatih Tekke
Sean Cole,Jin-Seop Park
Sean Cole,Johnnie Jackson
Michael Di Chiaro,Adrian Heath
Michael Di Chiaro,Albert Capellas Herms
Michael Di Chiaro,Julian Nagelsmann
Peter Thompson,Matthew Taylor
Peter Thompson,Gonzalo Pineda Reyes
Peter Thompson,Jan Frode Nornes
Lewis Jones,Sergio Gabriel Rondina
Lewis Jones,Marcelo René Bravo
Lewis Jones,Ole Werner
Paul Merson,Pablo Peirano Pardeiro
Paul Merson,Nicolas Usaï
Paul Merson,Omar De Felippe
Paul Merson,Thomas Stamm
Paul Merson,Lars Vind
Gary Neville,Rafael Benítez Maudes
Gary Neville,Xueyu Liu
Gary Neville,Alan Reynolds
Al Duffy,Tore Andre Flo
Al Duffy,Paulo Alexandre Rodrigues Fonseca
Al Duffy,Jim Bentley
Al Duffy,Roberto Mancini
Al Duffy,Joakim Persson
Matthew Hayes,Vincenzo Vivarini
Matthew Hayes,David Wagner
Matthew Hayes,Gérald Baticle
Matthew Hayes,Scott Brown
Christian Schmidt,Roberto Martínez Montoliú
Christian Schmidt,Fabián Daniel Bustos
Christian Schmidt,José Néstor Pekerman
Christian Schmidt,Vanderlei Luxemburgo da Silva
Christian Schmidt,Julio César Vaccari
Rob Bateman,Hui Xie
Rob Bateman,Oleksandr Petrakov
Rob Bateman,Steve Cotterill
Rob Bateman,Robin Fraser
Jorge C. Picón,Paulo Alexandre Rodrigues Fonseca
Jorge C. Picón,Roman Sharonov
Jorge C. Picón,Julio César Vaccari
Jorge C. Picón,Sebastiano Siviglia
Oli Platt,Jindřich Trpišovský
Oli Platt,Bülent Korkmaz
Oli Platt,Oleg Vasilenko
Oli Platt,Leonid Slutskiy
Oli Platt,Pat Devlin
Kiplagat Sang,Miguel Rondelli
Kiplagat Sang,Henk Fraser
Kiplagat Sang,Cihat Arslan
Orlando Valman,Jacques Abardonado
Orlando Valman,Joseph Oosting
Eddy Frankel,Richard Beale
Eddy Frankel,Humberto Viviani Ribera
Eddy Frankel,Marko Ante Rudan
Eddy Frankel,Didier Santini
Declan Olley,Hans Erik Ødegaard
Declan Olley,Gerald Scheiblehner
Declan Olley,Mikael Stahre
Declan Olley,Rolando Hernán Cristante Mandarino
Kerry Hau,Juan Domingo Tolisano
Kerry Hau,Angelos Postecoglou
Dan Bernstein,Derek Adams
Dan Bernstein,Christian Järdler
Gonzalo Garcia,Steven MacLean
Gonzalo Garcia,Jacques Abardonado
Gonzalo Garcia,Gustavo Adolfo Costas Makeira
Gonzalo Garcia,Geir Bakke
Gonzalo Garcia,Raffaele Palladino
Alex Keble,Mariano Soso
Alex Keble,Ante Milicic
Alex Keble,Nelson Alfonso Flórez Jiménez
Adrià Soldevila & Ruben Uria,Rubén Darío Insúa
Adrià Soldevila & Ruben Uria,Wim Jonk
Yeun Au,Rodolfo De Paoli
Yeun Au,Jin-Seop Park
Yeun Au,Mattias Lindström
Yeun Au,Ivan Leko
Mario Cortegana,Andrés Luciano Lillini
Mario Cortegana,Thomas Frank
Sungmo Lee,Alain Negre
Sungmo Lee,Ivan Gennaro Gattuso
Sungmo Lee,Michél Kniat
Sungmo Lee,John Herdman
Sungmo Lee,Sergio Gómez
Nathan Evans,Alexandre Dujeux
Nathan Evans,Ik-Soo Ahn
Mudeet Arora,Dariusz Dudek
Mudeet Arora,Roman Sharonov
Adam Smith,Freyr Alexandersson
Adam Smith,Cihat Arslan
Adam Smith,Şenol Can
Adam Smith,Marcelo René Bravo
Adam Smith,Jens Härtel
Jordi Tomasowa,João Batista Donizete Dressler Burse
Jordi Tomasowa,Pablo Adrián Guede Barriero
Seth Vertelney,Erik ten Hag
Seth Vertelney,Nelson Alfonso Flórez Jiménez
Seth Vertelney,Gary McSheffrey
Chris Myson,Torsten Ziegner
Chris Myson,Giancarlo Italiano
Chris Myson,Kevin Andrew Nicol
Chris Myson,César Fernando Torres Ramírez
James Westwoood,Guillermo Barros Schelotto
James Westwoood,Markus von Ahlen
Manager: Roy Hodgson 5,Matheus Joseph
Manager: Roy Hodgson 5,Alexis Enrique García Vega
Manager: Roy Hodgson 5,Enrique López Zarza
Manager: Roy Hodgson 5,Morten Jensen
Manager: Roy Hodgson 5,Dick Lukkien
Mia Eriksson,Chris Hargreaves
Mia Eriksson,Raúl Agné Montull
Mia Eriksson,Sergio Francisco Ramos
Mia Eriksson,Nigel Clough
Mia Eriksson,Mariusz Lewandowski
Tom Patey,Markus Weinzierl
Tom Patey,Asier Garitano Aguirrezábal
Tom Patey,Lewis Jack Young
Tom Patey,Patrick Kisnorbo
Tom Patey,Juan José Rojo Martín
Gareth Boyes,Paul Nelu Răducan
Gareth Boyes,Tae-Wan Kim
Gareth Boyes,Óscar García Junyent
Johannes Ohr,Federico Vilar Baudena
Johannes Ohr,Jon Andoni Pérez Alonso
Johannes Ohr,Vítor Fernando de Carvalho Campelos
Johannes Ohr,Víctor Manuel Vucetich Rojas
Raisa Simplicio & Thiago Fernandes,Michael Appleton
Raisa Simplicio & Thiago Fernandes,Juan Ferrando Fenol
Raisa Simplicio & Thiago Fernandes,Alexi Stival
Nisanth V Easwar,Arturo Ernesto Reyes Montero
Nisanth V Easwar,Lee Johnson
Nisanth V Easwar,Albert Cartier
Nisanth V Easwar,Clint Peay
Nisanth V Easwar,Marinus Dijkhuizen
Mark Buckingham,Chris Hughton
Mark Buckingham,Nenad Bjelica
Soham Mukherjee,Juan José Maqueda
Soham Mukherjee,Edgar Ospina Echeverry
Soham Mukherjee,Dick Schreuder
Soham Mukherjee,Micky Mellon
Francisco RicoAdria Soldevilla,Leonardo Carol Madelón
Francisco RicoAdria Soldevilla,Myung-Bo Hong
Francisco RicoAdria Soldevilla,Enrique López Zarza
Francisco RicoAdria Soldevilla,Jan Zimmermann
Francisco RicoAdria Soldevilla,Jonas De Roeck
Chris Burton,Mattias Lindström
Chris Burton,Naoki Soma
Chris Burton,Raúl Agné Montull
Chris Burton,Mauro Nestor Gerk Larrea
Chris Burton,Gerhard Kleppinger
Liam Cody,Olivier Guégan
Liam Cody,Ufuk Talay
Liam Cody,Nebojša Vučićević
Liam Cody,Mersad Selimbegovic
Rich Laverty,Muzaffer Bilazer
Rich Laverty,Lukas  Pfeiffer
Rich Laverty,Juan Carlos Alayo
Antonio Bini,Paulo César Turra
Antonio Bini,Sean Dyche
Antonio Bini,Francisco Meneghini
Daniel Lewis,Alex Pastoor
Daniel Lewis,Lars Arne Nilsen
Daniel Lewis,Jorge Romero Sáez
Seth Willis,Hiroki Shibuya
Seth Willis,Krešimir Režić
Richard Martin,Vincent Euvrard
Richard Martin,Fernando Manuel Fernandes da Costa Santos
Charlotte Duncker & Chris Burton,Pavol Stano
Charlotte Duncker & Chris Burton,Fernando Rubén Gago
Charlotte Duncker & Chris Burton,Andreas Brännström
Charlotte Duncker & Chris Burton,Fernando Jubero Carmona
Charlotte Duncker & Chris Burton,Thomas Frank
GFFN | Jack McArdle,Valeriy Karpin
GFFN | Jack McArdle,Steven Gerrard
GFFN | Jack McArdle,Arnar Viðarsson
GFFN | Jack McArdle,Servet Çetin
GFFN | Jack McArdle,Tiago Retzalff Nunes
Chris Mayer,Liam Manning
Chris Mayer,Massimiliano Alvini
Nizaar Kinsella,Oleg Vasilenko
Nizaar Kinsella,Sascha Hildmann
Nizaar Kinsella,Grant McCann
Shina Oludare & Emma Smith,José Daniel Carreño Izquierdo
Shina Oludare & Emma Smith,Krzysztof  Pawlak
Marcelo Hazan,Ian Burchnall
Marcelo Hazan,Roberto Pätzold
Marcelo Hazan,Mario Humberto García Caboara
Marcelo Hazan,Julián Calero Fernández
Marcelo Hazan,Joe Zinnbauer
Simone Gambino,Bernd Hollerbach
Simone Gambino,Rubén Sellés Salvador
Simone Gambino,Pablo Adrián Guede Barriero
Simone Gambino,Troy Lesesne
Rubén Uría,Matthias Jaissle
Rubén Uría,Marko Ante Rudan
Mike Gibbons,Byung-Geun Lee
Mike Gibbons,Carlos Luis Ischia
Bastien Cheval,William Viali
Bastien Cheval,Ruben Filipe Marques Amorim
David Segar,Carl Hoefkens
David Segar,Tobias Schweinsteiger
David Segar,Christer Mattiasson
David Segar,Gi-Dong Kim
David Segar,Walid Regragui
Cesar Hurtado,Pablo Horacio Guiñazú
Cesar Hurtado,Ivan Leko
Cesar Hurtado,Jim Bentley
Cesar Hurtado,Wilfried Nancy
Cesar Hurtado,Ricardo Alfredo Valiño
Giorgio Dusi,Maurizio Sarri
Giorgio Dusi,Juan Pedro Benali
Giorgio Dusi,Håkon Wibe-Lund
Giorgio Dusi,Murat Yakin
Giorgio Dusi,Michael O'Neill
Karl Sturgeon,José Ángel Ziganda Lacunza
Karl Sturgeon,Russell Milton
Karl Sturgeon,Pellegrino Matarazzo
Karl Sturgeon,Radoslav Látal
Michel Jreissati,Gary Bowyer
Michel Jreissati,Lucas Palavro Zanella
Ed Dove,Alexander Blessin
Ed Dove,Marcio Miranda Freitas Rocha da Silva
Ed Dove,Aurelio Andreazzoli
Ed Dove,Patrick McCarthy
Ed Dove,Fabio Caserta
Charles Watts & Ruben Uria,Bruno Grougi
Charles Watts & Ruben Uria,Johannes Hoff Thorup
Charles Watts & Ruben Uria,Jingui Wu
Charles Watts & Ruben Uria,Martin Skogman
Tadasuke Uemura,Marcio Miranda Freitas Rocha da Silva
Tadasuke Uemura,Shaun Maloney
Tadasuke Uemura,Mohammed Al-Ayari
Tadasuke Uemura,António José Cardoso de Oliveira
Tadasuke Uemura,Tae-Wan Kim
Lukas Vrablik,Marinus Dijkhuizen
Lukas Vrablik,Eder Sarabia Armesto
Duncan Alexander,Gustavo Enrique Domingo Quinteros Desábato
Duncan Alexander,John Mousinho
Oliver Hopkins,Edin Terzic
Oliver Hopkins,Alessandro Mangiarratti
Oliver Hopkins,Francisco Javier Arce Rolón
James Nalton,Luis Oscar González
James Nalton,Şenol Can
James Nalton,Philippe Hinschberger
James Nalton,José Mel Pérez
Jake Lewis,João Miguel da Cunha Teixeira
Jake Lewis,Martín Gastón Demichelis
Jake Lewis,Jack Ross
Jake Lewis,Denis Popov
Jake Lewis,Okan Buruk
Jake Lewis,Edgar Ospina Echeverry
Jake Lewis,Edoardo Gorini
Jake Lewis,Hui Xie
Jake Lewis,Jose Riveiro
Jake Lewis,Olivier Dall’Oglio
Jake Lewis,Jonas De Roeck
Jake Lewis,John Herdman
Jake Lewis,Henrik Hansen
Jake Lewis,Svein Maalen
Jake Lewis,Eder Sarabia Armesto
Jake Lewis,Necdet Emre Özbayer
Jake Lewis,Oliver Glasner
Jake Lewis,Mehdi Nafti
Jake Lewis,Jon Dahl Tomasson
Jake Lewis,David Moyes
Jake Lewis,Wayne Mark Rooney
Jake Lewis,Christoph Dabrowski
Jake Lewis,Ernesto Valverde Tejedor
Jake Lewis,Vicente Moreno Peris
Jake Lewis,Jacob Friis
Jake Lewis,Bjarte Lunde Aarsheim
Jake Lewis,Paulo César da Silva Peixoto
Jake Lewis,Francesco Baldini
Jake Lewis,Didier Digard
Jake Lewis,Jorge Alberto Lobo Mendonça
Jake Lewis,Leonardo Colucci
Jake Lewis,Damien Duff
Jake Lewis,Malky Mackay
Jake Lewis,Jan Zimmermann
Jake Lewis,Rudi Garcia
Jake Lewis,Igor Tudor
Jake Lewis,Andreas Tegström
Jake Lewis,Jarosław Skrobacz
Jake Lewis,Aitor Karanka de la Hoz
Jake Lewis,Bruno Miguel Silva do Nascimento
Jake Lewis,Claus-Dieter Wollitz
Jake Lewis,Alper Kayabunar
Jake Lewis,Rui Manuel Gomes Borges
Jake Lewis,Kent Nielsen
Jake Lewis,Troadio Daniel Duarte
Jake Lewis,Henrik Pedersen
Jake Lewis,Alex Pastoor
Jake Lewis,Lukas  Pfeiffer
Jake Lewis,Juan Carlos Carcedo Mardones
Jake Lewis,Steve Cotterill
Jake Lewis,Matteo Vanetta
Jake Lewis,Marco Balbul
Jake Lewis,Sergio Gómez
Jake Lewis,Ricardo Rodríguez Suárez
Jake Lewis,Mark Hughes
Jake Lewis,Jakob Michelsen
Jake Lewis,Aleksandar Stanojević
Jake Lewis,Jordi Vinyals Martori
Jake Lewis,Facundo Sava
Jake Lewis,Cristiano Lucarelli
Jake Lewis,Kevin Muscat
Jake Lewis,Raffaele Palladino
Jake Lewis,Lee Bell
Jake Lewis,Daiki Iwamasa
Jake Lewis,Xavier Hernández Creus
Jake Lewis,Kelvin Davis
Jake Lewis,Philippe Montanier
Jake Lewis,Joseba Andoni Etxeberria Lizardi
Jake Lewis,Thomas Frank
Jake Lewis,Stuart Taylor
Jake Lewis,Rogier Meijer
Jake Lewis,Claudinei dos Santos Oliveira
Jake Lewis,Jerzy Brzęczek
Jake Lewis,Alain Pochat
Jake Lewis,Juan Francisco Palencia Hernández
Jake Lewis,Niels Frederiksen
Jake Lewis,Dariusz Zuraw
Jake Lewis,Graham Potter
Jake Lewis,Anton Petrea
Jake Lewis,Gregg Berhalter
Jake Lewis,Rui Vítor da Silva Ferreira
Jake Lewis,Jan Urban
Jake Lewis,Steven Cherundolo
Jake Lewis,Sreto Ristic
Jake Lewis,José María Morr
Jake Lewis,Tobias Schweinsteiger
Jake Lewis,Javier Baraja Vegas
Jake Lewis,Matías Jesús Almeyda
Jake Lewis,Fabien Valeri
Jake Lewis,Andrea Soncin
Jake Lewis,Ivan Juric
Jake Lewis,Luis Enrique Martínez García
Jake Lewis,Rui Carlos Pinho da Vitória
Jake Lewis,Martin Skogman
Jake Lewis,Valeriy Karpin
Jake Lewis,Ben Garner
Jake Lewis,Julio César Falcioni
Jake Lewis,Kemal Özdeş
Jake Lewis,Felice Mazzù
Jake Lewis,Hugo Carlos Rodrigues Ganchinho Pereira
